id,title,slug,format,category,url,publishedOn,imageUrl,summary,sourceCsv
blog-post:rss:maximizing-crowdstrike-roi-is-seamless-with-immersive-ones-new-capability,Maximize CrowdStrike ROI with Immersive One Cyber Simulations,maximizing-crowdstrike-roi-is-seamless-with-immersive-ones-new-capability,blog-post,blog,https://www.immersivelabs.com/resources/blog/maximizing-crowdstrike-roi-is-seamless-with-immersive-ones-new-capability,2026-01-27T00:00:00.000Z,https://cdn.prod.website-files.com/678a13476d0a697e355dec29/69789a8dedfc30dfad573b6e_Header%20Image.png,"Learn how Immersive One’s new CrowdStrike Falcon® simulations help SOC teams close the readiness gap, reduce MTTR, and prove cyber resilience.",RSS: Blog (official)
blog-post:rss:the-cyber-readiness-outlook-2025-threat-reflections-and-2026-forecast,2026 Cyber Readiness: Moving from Compliance to Capability,the-cyber-readiness-outlook-2025-threat-reflections-and-2026-forecast,blog-post,blog,https://www.immersivelabs.com/resources/blog/the-cyber-readiness-outlook-2025-threat-reflections-and-2026-forecast,2026-01-27T00:00:00.000Z,https://cdn.prod.website-files.com/678a13476d0a697e355dec29/69787d5b0b5e5c18a0dd536d_Immersive%20-%20Blog%20Post%20-%202026%20Forecast%20Webinar%20Recap%20-%20Header%201920x1080.png,"Bridge the gap between perceived readiness and actual capability. Discover the 2026 cyber threat forecast, from quantum risks to AI prompt injection labs.",RSS: Blog (official)
blog-post:rss:from-check-box-training-to-continuous-readiness-how-one-immersive-customer-is-preparing-for-2026,From Check-Box Training to Continuous Cyber Readiness,from-check-box-training-to-continuous-readiness-how-one-immersive-customer-is-preparing-for-2026,blog-post,blog,https://www.immersivelabs.com/resources/blog/from-check-box-training-to-continuous-readiness-how-one-immersive-customer-is-preparing-for-2026,2026-01-22T00:00:00.000Z,https://cdn.prod.website-files.com/678a13476d0a697e355dec29/697240ba97401e17e76ab0cd_Header.png,"Learn how Swisscom is preparing for 2026 by moving beyond passive training to continuous, measurable readiness.",RSS: Blog (official)
blog-post:rss:commanding-the-ai-accelerated-threat-landscape-introducing-secure-with-ai-on-immersive-one,Secure With AI: Command the AI-Accelerated Threat Landscape,commanding-the-ai-accelerated-threat-landscape-introducing-secure-with-ai-on-immersive-one,blog-post,blog,https://www.immersivelabs.com/resources/blog/commanding-the-ai-accelerated-threat-landscape-introducing-secure-with-ai-on-immersive-one,2026-01-21T00:00:00.000Z,https://cdn.prod.website-files.com/678a13476d0a697e355dec29/6970fe13c23e8d466d79e7ea_Secure%20with%20AI%20-%20Main%20blog%20-%20Header%20Image.png,Eliminate readiness lag-time with Secure With AI on Immersive One. Use AI-powered labs and high-fidelity crisis simulations to prove performance against real-world threats.,RSS: Blog (official)
blog-post:rss:2026-cyber-readiness-preparing-for-ai-attacks-and-the-quantum-threat,2026 Cyber Readiness: AI Attacks & Quantum Preparedness,2026-cyber-readiness-preparing-for-ai-attacks-and-the-quantum-threat,blog-post,blog,https://www.immersivelabs.com/resources/blog/2026-cyber-readiness-preparing-for-ai-attacks-and-the-quantum-threat,2026-01-08T00:00:00.000Z,https://cdn.prod.website-files.com/678a13476d0a697e355dec29/695fdb5f4841512874ac579c_Landing%20Page%20-%201920x1080%20Header.png,"Are you ready for AI attacks and the Quantum threat? Move beyond the ""confidence trap"" and discover strategies to prove your 2026 cyber readiness.",RSS: Blog (official)
blog-post:rss:are-you-training-for-a-fight-thats-already-over,Training for Yesterday’s Battle: The 2025 Cyber Workforce Benchmark Report,are-you-training-for-a-fight-thats-already-over,blog-post,blog,https://www.immersivelabs.com/resources/blog/are-you-training-for-a-fight-thats-already-over,2025-12-17T00:00:00.000Z,https://cdn.prod.website-files.com/678a13476d0a697e355dec29/69428337ba351880a34a1e4b_Landing%20Page%20-%201920x1080.webp,Stop practicing for yesterday’s threats. The 2025 Cyber Workforce Benchmark Report reveals a dangerous fixation on legacy threats over AI and post-exploitation risks.,RSS: Blog (official)
blog-post:rss:immersive-and-right-hand-forge-strategic-partnership-to-defeat-ai-powered-cyber-threats,Immersive & Right-Hand Partner to Defeat AI-Powered Cyber Threats,immersive-and-right-hand-forge-strategic-partnership-to-defeat-ai-powered-cyber-threats,blog-post,blog,https://www.immersivelabs.com/resources/blog/immersive-and-right-hand-forge-strategic-partnership-to-defeat-ai-powered-cyber-threats,2025-12-11T00:00:00.000Z,https://cdn.prod.website-files.com/678a13476d0a697e355dec29/693aa8319a0ac03f18bc502b_Landing%20Page%20-%201920x1080%20Header.png,"Immersive and Right-Hand partner to transform Human Risk Management. Move beyond generic training to AI-driven, verifiable cyber resilience.",RSS: Blog (official)
blog-post:rss:move-past-blind-trust-in-ai-with-verifiable-proof-of-readiness-introducing-secure-ai-on-immersive-one,Secure AI Available on Immersive One: Verifiable Proof of AI Readiness,move-past-blind-trust-in-ai-with-verifiable-proof-of-readiness-introducing-secure-ai-on-immersive-one,blog-post,blog,https://www.immersivelabs.com/resources/blog/move-past-blind-trust-in-ai-with-verifiable-proof-of-readiness-introducing-secure-ai-on-immersive-one,2025-12-09T00:00:00.000Z,https://cdn.prod.website-files.com/678a13476d0a697e355dec29/6938538b74b1494e7fd8e811_Blog%20Header.png,"Move past blind trust and Shadow AI. Discover Immersive One’s Secure AI capability and get verifiable proof of readiness for AI governance, secure coding, and compliance.",RSS: Blog (official)
blog-post:rss:the-confidence-illusion-what-our-2025-benchmark-report-reveals-about-true-readiness,The Confidence-Capability Gap: 2025 Cyber Workforce Benchmark Report,the-confidence-illusion-what-our-2025-benchmark-report-reveals-about-true-readiness,blog-post,blog,https://www.immersivelabs.com/resources/blog/the-confidence-illusion-what-our-2025-benchmark-report-reveals-about-true-readiness,2025-12-04T00:00:00.000Z,https://cdn.prod.website-files.com/678a13476d0a697e355dec29/6931b85ebe7ec7928029da64_Landing%20Page%20-%201920x1080%20Header.png,Our 2025 Benchmark Report reveals a critical gap between cyber confidence and reality. Learn why tabletop exercises fail to prove true resilience and how to fix it.,RSS: Blog (official)
blog-post:rss:from-training-task-to-proven-cyber-readiness-how-immersive-ones-new-programs-capability-optimizes-for-business-outcomes,Programs: The GPS for Verifiable Cyber Readiness Outcomes,from-training-task-to-proven-cyber-readiness-how-immersive-ones-new-programs-capability-optimizes-for-business-outcomes,blog-post,blog,https://www.immersivelabs.com/resources/blog/from-training-task-to-proven-cyber-readiness-how-immersive-ones-new-programs-capability-optimizes-for-business-outcomes,2025-11-26T00:00:00.000Z,https://cdn.prod.website-files.com/678a13476d0a697e355dec29/6927036f4ff625b11998f236_LP.png,"Stop managing static training tasks. Immersive One Programs is the operational engine that delivers verifiable cyber readiness outcomes, proving team capability to the board and auditors.",RSS: Blog (official)
blog-post:rss:introducing-dynamic-threat-range-the-only-enterprise-grade-cyber-range-to-test-your-team-on-your-actual-tech-stack,Introducing Dynamic Threat Range: Test on Your Actual SIEM,introducing-dynamic-threat-range-the-only-enterprise-grade-cyber-range-to-test-your-team-on-your-actual-tech-stack,blog-post,blog,https://www.immersivelabs.com/resources/blog/introducing-dynamic-threat-range-the-only-enterprise-grade-cyber-range-to-test-your-team-on-your-actual-tech-stack,2025-11-19T00:00:00.000Z,https://cdn.prod.website-files.com/678a13476d0a697e355dec29/691dc7fd2eac33af9ae992c8_Blog%20Post%20-%20Header%20Image.png,Stop training on generic simulations. Immersive One’s Dynamic Threat Range lets your team practice DFIR and threat hunting on your own live tech stack.,RSS: Blog (official)
blog-post:rss:owasp-top-10-2025-from-standard-released-to-ready-to-exercise-in-24-hours,OWASP Top 10 2025 Training: New Labs,owasp-top-10-2025-from-standard-released-to-ready-to-exercise-in-24-hours,blog-post,blog,https://www.immersivelabs.com/resources/blog/owasp-top-10-2025-from-standard-released-to-ready-to-exercise-in-24-hours,2025-11-14T00:00:00.000Z,https://cdn.prod.website-files.com/678a13476d0a697e355dec29/6916febadbea93210f51fe97_Blog%20Post%20-%20Header%20Image.png,The OWASP Top 10 2025 standard is here. AppSec teams can now train against newly released labs to help build verifiable skills & reduce risk.,RSS: Blog (official)
blog-post:rss:immersive-launches-the-markets-first-hands-on-exercises-for-google-security-operations,Immersive Launches Google SecOps Labs,immersive-launches-the-markets-first-hands-on-exercises-for-google-security-operations,blog-post,blog,https://www.immersivelabs.com/resources/blog/immersive-launches-the-markets-first-hands-on-exercises-for-google-security-operations,2025-11-12T00:00:00.000Z,https://cdn.prod.website-files.com/678a13476d0a697e355dec29/691490e25cec8bf2c601b345_Blog%20Post%20-%20Header%20Image.png,"Master Google Security Operations with the market's first hands-on labs from Immersive. Get instant access to a live, configured console—no setup needed.",RSS: Blog (official)
blog-post:rss:from-the-soc-to-the-boardroom-translating-cyber-readiness-into-the-language-of-business-risk,Cyber Readiness Reporting: A CISO's Guide to Business Risk,from-the-soc-to-the-boardroom-translating-cyber-readiness-into-the-language-of-business-risk,blog-post,blog,https://www.immersivelabs.com/resources/blog/from-the-soc-to-the-boardroom-translating-cyber-readiness-into-the-language-of-business-risk,2025-11-06T00:00:00.000Z,https://cdn.prod.website-files.com/678a13476d0a697e355dec29/690cabd60e4bd98a9aa6a452_Blog%20Post%20-%20Header%20Image.png,"Move beyond technical metrics. This guide helps CISOs transform cyber readiness data into a business-ready evidence package to build trust with the board, regulators, and insurers.",RSS: Blog (official)
blog-post:rss:the-improvement-gap-why-your-best-security-tech-is-useless-without-continuous-skills-development,The Improvement Gap: Why Security Tech Fails Without Skills,the-improvement-gap-why-your-best-security-tech-is-useless-without-continuous-skills-development,blog-post,blog,https://www.immersivelabs.com/resources/blog/the-improvement-gap-why-your-best-security-tech-is-useless-without-continuous-skills-development,2025-11-04T00:00:00.000Z,https://cdn.prod.website-files.com/678a13476d0a697e355dec29/6909daaf8eafb03f0d357239_Blog%20Post%20-%20Header%20Image.png,"Even the best security tech is useless if your team's skills are outdated. Learn what the 'Improvement Gap' is and why continuous, role-specific upskilling is crucial.",RSS: Blog (official)
blog-post:rss:close-the-accountability-gap-with-immersive-certifications,Close the Accountability Gap with Immersive Certifications,close-the-accountability-gap-with-immersive-certifications,blog-post,blog,https://www.immersivelabs.com/resources/blog/close-the-accountability-gap-with-immersive-certifications,2025-10-30T00:00:00.000Z,https://cdn.prod.website-files.com/678a13476d0a697e355dec29/69036e84e9adeb8c335fe2c1_Blog%20Post%20-%20Header%20Image.png,"Stop tracking training completions and start proving capability. New Immersive Certifications turn skill development into formal, verifiable evidence of job-ready skills.",RSS: Blog (official)
blog-post:rss:are-you-measuring-activity-or-proving-cyber-readiness-your-board-wants-to-know-the-difference,Proving Cyber Readiness: Beyond Activity Metrics for Your Board,are-you-measuring-activity-or-proving-cyber-readiness-your-board-wants-to-know-the-difference,blog-post,blog,https://www.immersivelabs.com/resources/blog/are-you-measuring-activity-or-proving-cyber-readiness-your-board-wants-to-know-the-difference,2025-10-23T00:00:00.000Z,https://cdn.prod.website-files.com/678a13476d0a697e355dec29/68fb4d5932d4cf61f987b60a_Blog%20-%20Header%20-%201920x1080.png,"Your board wants proof of cyber readiness, not just activity metrics. Learn to move beyond compliance checklists and use data-driven simulations to prove your resilience.",RSS: Blog (official)
blog-post:rss:from-hours-to-minutes-build-expert-level-labs-with-your-new-ai-co-pilot,Build Cyber Labs in Minutes with Lab Builder AI Assistant,from-hours-to-minutes-build-expert-level-labs-with-your-new-ai-co-pilot,blog-post,blog,https://www.immersivelabs.com/resources/blog/from-hours-to-minutes-build-expert-level-labs-with-your-new-ai-co-pilot,2025-10-20T00:00:00.000Z,https://cdn.prod.website-files.com/678a13476d0a697e355dec29/68f65932ee41a40c8b2788a2_Header.webp,"Stop spending weeks on lab creation. Immersive’s Lab Builder AI Assistant empowers teams to create expert-level, hands-on security labs in minutes.",RSS: Blog (official)
blog-post:rss:lessons-from-the-latest-cisa-kev-additions,CISA's KEV Catalog: Why Old Vulnerabilities Are Still the Biggest Threat,lessons-from-the-latest-cisa-kev-additions,blog-post,blog,https://www.immersivelabs.com/resources/blog/lessons-from-the-latest-cisa-kev-additions,2025-10-13T00:00:00.000Z,https://cdn.prod.website-files.com/678a13476d0a697e355dec29/68ed1f3c7ccb3085d10f1492_Header%20Image%20-%201920%20x%201080.webp,"Discover what the latest additions to CISA's Known Exploited Vulnerabilities (KEV) catalog reveal about real-world cyber threats. Learn why attackers often target old, unpatched flaws over zero-days and how to prioritize your defense strategy.",RSS: Blog (official)
blog-post:rss:the-four-truths-of-cybercrime-lessons-from-former-special-agent-scott-augenbaum,The 4 Truths of Cybercrime: An FBI Agent's Guide to Prevention,the-four-truths-of-cybercrime-lessons-from-former-special-agent-scott-augenbaum,blog-post,blog,https://www.immersivelabs.com/resources/blog/the-four-truths-of-cybercrime-lessons-from-former-special-agent-scott-augenbaum,2025-10-10T00:00:00.000Z,https://cdn.prod.website-files.com/678a13476d0a697e355dec29/68e8bf6083ad1787e7a3075b_Header%20Image%20-%201920%20x%201080.png,"A former FBI Special Agent shares the 4 truths of cybercrime, revealing why most incidents are preventable. Learn key lessons on the human element of cybersecurity and get actionable tips for CISOs.",RSS: Blog (official)
blog-post:rss:beyond-the-hype-a-cisos-practical-guide-to-genai-readiness,AI for the Modern SOC: A Cyber Resilience Strategy,beyond-the-hype-a-cisos-practical-guide-to-genai-readiness,blog-post,blog,https://www.immersivelabs.com/resources/blog/beyond-the-hype-a-cisos-practical-guide-to-genai-readiness,2025-10-07T00:00:00.000Z,https://cdn.prod.website-files.com/678a13476d0a697e355dec29/68e692949e9879f309de11aa_Header.webp,Explore a nuanced strategy for AI in cybersecurity training that proves and improves your team's cyber resilience.,RSS: Blog (official)
blog-post:rss:level-up-your-security-game-the-power-of-cycode-and-immersive-in-the-sdlc,Level Up Your Security Game: Cycode + Immersive Partnership for SDLC Resilience,level-up-your-security-game-the-power-of-cycode-and-immersive-in-the-sdlc,blog-post,blog,https://www.immersivelabs.com/resources/blog/level-up-your-security-game-the-power-of-cycode-and-immersive-in-the-sdlc,2025-09-16T00:00:00.000Z,https://cdn.prod.website-files.com/678a13476d0a697e355dec29/68c9b9940d3aa963e8e07f82_Cycode-Simple.png,"Cycode finds the risks. Immersive builds the skills. Together, they prove and improve security across the SDLC.",RSS: Blog (official)
blog-post:rss:3-tips-for-countering-the-chaos-of-a-cyber-crisis,3 Tips for Countering the Chaos of a Cyber Crisis,3-tips-for-countering-the-chaos-of-a-cyber-crisis,blog-post,blog,https://www.immersivelabs.com/resources/blog/3-tips-for-countering-the-chaos-of-a-cyber-crisis,2025-09-05T00:00:00.000Z,https://cdn.prod.website-files.com/678a13476d0a697e355dec29/68ba996f92a4c325dd11d173_Immersive%20-%20Countering%20the%20Chaos%20of%20Cyber%20Crises%20-%20Header%201920x1080.webp,"Counter the chaos of a cyber crisis. Learn 3 actionable tips to move beyond the playbook, build team muscle memory, and strengthen your incident response strategy.",RSS: Blog (official)
blog-post:rss:the-forbidden-word-confessions-of-a-blue-teamer,The Forbidden Word: Confessions of a Blue Teamer,the-forbidden-word-confessions-of-a-blue-teamer,blog-post,blog,https://www.immersivelabs.com/resources/blog/the-forbidden-word-confessions-of-a-blue-teamer,2025-08-28T00:00:00.000Z,https://cdn.prod.website-files.com/678a13476d0a697e355dec29/68af1f36f30560ab61effb2a_Header%20Image3.webp,"Go behind the scenes with a veteran blue teamer to uncover the unseen work, personal sacrifices, and quiet victories that forge true cyber resilience in a crisis",RSS: Blog (official)
blog-post:rss:achieving-devsecops-maturity-turning-secure-code-into-roi,Boost ROI and slash vulnerabilities with a clear DevSecOps maturity model.,achieving-devsecops-maturity-turning-secure-code-into-roi,blog-post,blog,https://www.immersivelabs.com/resources/blog/achieving-devsecops-maturity-turning-secure-code-into-roi,2025-08-25T00:00:00.000Z,https://cdn.prod.website-files.com/678a13476d0a697e355dec29/68a82f62a1f8d80cbf816de2_Header%20Image.webp,Boost ROI and slash vulnerabilities with a clear DevSecOps maturity model. Learn how to benchmark your Application Security strategy and unite your dev and security teams.,RSS: Blog (official)
blog-post:rss:secure-and-driving-roi-by-design-reframing-appsec-as-a-code-quality-imperative,Secure and Driving ROI by Design: Reframing AppSec as a Code Quality Imperative,secure-and-driving-roi-by-design-reframing-appsec-as-a-code-quality-imperative,blog-post,blog,https://www.immersivelabs.com/resources/blog/secure-and-driving-roi-by-design-reframing-appsec-as-a-code-quality-imperative,2025-08-18T00:00:00.000Z,https://cdn.prod.website-files.com/678a13476d0a697e355dec29/68a2fac0a392c76e4ce35a0e_Header%20Image.webp,"Learn how reframing AppSec as a core code quality imperative drives ROI, reduces risk, and empowers developers to build more secure code from the start.",RSS: Blog (official)
blog-post:rss:cyber-threat-prevention,Cyber Threat Protection & Prevention - Immersive,cyber-threat-prevention,blog-post,blog,https://www.immersivelabs.com/resources/blog/cyber-threat-prevention,2025-08-06T00:00:00.000Z,https://cdn.prod.website-files.com/678a13476d0a697e355dec29/6895bc8dc8304e6c9d66d24a_Header.webp,Learn how to protect your business from cyber threats with our comprehensive guide. Stay one step ahead of hackers.,RSS: Blog (official)
blog-post:rss:inside-the-defenders-mindset,5 Habits of Highly Effective Blue Teams,inside-the-defenders-mindset,blog-post,blog,https://www.immersivelabs.com/resources/blog/inside-the-defenders-mindset,2025-08-04T00:00:00.000Z,https://cdn.prod.website-files.com/678a13476d0a697e355dec29/688cbd9cbb7c077010ee23f8_Immersive%20-%20Blog%20Header.webp,"Build a highly effective blue team with 5 essential best practices. Learn to move beyond alerts, understand the full attack chain, and create a resilient defense",RSS: Blog (official)
blog-post:rss:the-highlighter-trick-and-a-pint-of-milk-shocking-red-teamer-confessions,Shocking Red Teamer Confessions,the-highlighter-trick-and-a-pint-of-milk-shocking-red-teamer-confessions,blog-post,blog,https://www.immersivelabs.com/resources/blog/the-highlighter-trick-and-a-pint-of-milk-shocking-red-teamer-confessions,2025-07-28T00:00:00.000Z,https://cdn.prod.website-files.com/678a13476d0a697e355dec29/6889f46ace39b3b65849ebe1_Blog%20Header%20Image.webp,The Highlighter Trick and a Pint of Milk: Get the inside scoop about red teaming from three industry experts.,RSS: Blog (official)
blog-post:rss:prove-and-improve-how-nyu-and-immersive-joined-forces-to-put-cyber-readiness-to-the-test,NYU and Immersive Joined Forces,prove-and-improve-how-nyu-and-immersive-joined-forces-to-put-cyber-readiness-to-the-test,blog-post,blog,https://www.immersivelabs.com/resources/blog/prove-and-improve-how-nyu-and-immersive-joined-forces-to-put-cyber-readiness-to-the-test,2025-07-22T00:00:00.000Z,https://cdn.prod.website-files.com/678a13476d0a697e355dec29/6879f7cd5de4cbd8c4ad7e54_Header.webp,Discover how NYU and Immersive partnered on a realistic cyber drill to test student skills and prove the power of hands-on learning in closing the skills gap.,RSS: Blog (official)
blog-post:rss:beyond-the-checklist-transforming-middle-east-local-grc-into-true-cyber-resilience,Beyond the Checklist: Transforming Middle East Local GRC into True Cyber Resilience,beyond-the-checklist-transforming-middle-east-local-grc-into-true-cyber-resilience,blog-post,blog,https://www.immersivelabs.com/resources/blog/beyond-the-checklist-transforming-middle-east-local-grc-into-true-cyber-resilience,2025-07-18T00:00:00.000Z,https://cdn.prod.website-files.com/678a13476d0a697e355dec29/68790fc5fd18c88d63307492_Header.webp,"Transform your Middle East GRC strategy from a simple checklist to true cyber resilience. Learn a new framework to prove, improve, and stay ready for any regulation",RSS: Blog (official)
blog-post:rss:introducing-ai-powered-lab-builder-on-immersive-one-tailor-cyber-skills-training-for-your-unique-needs,Immersive introduces AI-powered Lab Builder,introducing-ai-powered-lab-builder-on-immersive-one-tailor-cyber-skills-training-for-your-unique-needs,blog-post,blog,https://www.immersivelabs.com/resources/blog/introducing-ai-powered-lab-builder-on-immersive-one-tailor-cyber-skills-training-for-your-unique-needs,2025-07-16T00:00:00.000Z,https://cdn.prod.website-files.com/678a13476d0a697e355dec29/686fae4cd53108034753c030_Immersive%20-%20Header%20-%201920x1080.webp,,RSS: Blog (official)
blog-post:rss:inside-the-attackers-mindset-4-habits-of-highly-effective-red-teams,4 Habits of Highly Effective Red Teams,inside-the-attackers-mindset-4-habits-of-highly-effective-red-teams,blog-post,blog,https://www.immersivelabs.com/resources/blog/inside-the-attackers-mindset-4-habits-of-highly-effective-red-teams,2025-07-07T00:00:00.000Z,https://cdn.prod.website-files.com/678a13476d0a697e355dec29/686bc1582aefb3914729b425_Blog%20Header.png,"Go inside the attacker's mindset and discover the four essential habits of elite red teams. Learn how deep preparation, business acumen, and a focus on improving detections separate the best from the rest in offensive security.",RSS: Blog (official)
blog-post:rss:insider-threats,What Are Insider Threats? - Immersive,insider-threats,blog-post,blog,https://www.immersivelabs.com/resources/blog/insider-threats,2025-06-20T00:00:00.000Z,https://cdn.prod.website-files.com/678a13476d0a697e355dec29/6855661aef78430fe9bc763d_Header.webp,"Insider threats are often underestimated, with the focus being on external threats like hackers. In this blog, we look at insider threat prevention.",RSS: Blog (official)
blog-post:rss:the-rise-of-agentic-ai-is-your-cyber-team-ready,The Rise of Agentic AI: Is Your Cyber Team Ready?,the-rise-of-agentic-ai-is-your-cyber-team-ready,blog-post,blog,https://www.immersivelabs.com/resources/blog/the-rise-of-agentic-ai-is-your-cyber-team-ready,2025-06-06T00:00:00.000Z,https://cdn.prod.website-files.com/678a13476d0a697e355dec29/684299d100f215da103058f2_LP%20Image.png,"Agentic AI is the next evolution in artificial intelligence, promising to redefine workflows but also introducing risks to your security posture. Learn why human oversight is more critical than ever and strategies for staying resilient.",RSS: Blog (official)
blog-post:rss:using-genai-to-speed-up-vulnerability-checks,Using GenAI to Speed Up Vulnerability Checks,using-genai-to-speed-up-vulnerability-checks,blog-post,blog,https://www.immersivelabs.com/resources/blog/using-genai-to-speed-up-vulnerability-checks,2025-06-02T00:00:00.000Z,https://cdn.prod.website-files.com/678a13476d0a697e355dec29/683da40938d51839b74f77a5_Header%20-%20GenAI%20Vulnerability%20-%201920x1080.webp,"GenAI is transforming vulnerability management. Learn how AI speeds up vulnerability checks, improves detection, and enhances secure coding.",RSS: Blog (official)
blog-post:rss:unlocking-cyber-talent-immersive-joins-forces-with-the-hacking-games,Unlocking Cyber Talent: Immersive Joins Forces with The Hacking Games,unlocking-cyber-talent-immersive-joins-forces-with-the-hacking-games,blog-post,blog,https://www.immersivelabs.com/resources/blog/unlocking-cyber-talent-immersive-joins-forces-with-the-hacking-games,2025-05-27T00:00:00.000Z,https://cdn.prod.website-files.com/678a13476d0a697e355dec29/683596f62b86d0f41500059a_Hacking%20Games%20Partnership%20Announcement%20-%20Header%20-%201920x1080.png,"Immersive partners with The Hacking Games, joins Virtu-os community",RSS: Blog (official)
blog-post:rss:beyond-compliance-turning-the-uks-new-software-security-code-into-a-resilience-advantage,Turning the UK's New Software Security Code into a Resilience Advantage,beyond-compliance-turning-the-uks-new-software-security-code-into-a-resilience-advantage,blog-post,blog,https://www.immersivelabs.com/resources/blog/beyond-compliance-turning-the-uks-new-software-security-code-into-a-resilience-advantage,2025-05-19T00:00:00.000Z,https://cdn.prod.website-files.com/678a13476d0a697e355dec29/682b20876c6612118938580e_Header%20-%205%20Actions%20-%20Beyond%20Compliance.png,Learn more about the UK's new Software Security Code of Practice and its implications for secure software development. This blog explains how the NCSC initiative strengthens cybersecurity by focusing on secure design and mitigating supply chain vulnerabilities in critical infrastructure.,RSS: Blog (official)
blog-post:rss:5-actions-to-take-now-why-ot-cybersecurity-should-be-every-organizations-concern,Why OT Cybersecurity Should Be Every Organization's Concern,5-actions-to-take-now-why-ot-cybersecurity-should-be-every-organizations-concern,blog-post,blog,https://www.immersivelabs.com/resources/blog/5-actions-to-take-now-why-ot-cybersecurity-should-be-every-organizations-concern,2025-05-14T00:00:00.000Z,https://cdn.prod.website-files.com/678a13476d0a697e355dec29/682c4863e9fe1ad529cd92e1_Header%20-%205%20Actions%20-%20Blog%20Post.png,Improve OT Cybersecurity with Exercising,RSS: Blog (official)
blog-post:rss:cyber-hygiene-in-the-genai-era-protecting-against-evolving-ai-threats,Cyber Hygiene in the GenAI Era,cyber-hygiene-in-the-genai-era-protecting-against-evolving-ai-threats,blog-post,blog,https://www.immersivelabs.com/resources/blog/cyber-hygiene-in-the-genai-era-protecting-against-evolving-ai-threats,2025-05-08T00:00:00.000Z,https://cdn.prod.website-files.com/678a13476d0a697e355dec29/681c8cd5937e453fe67c503e_LP%20Image.png,Learn essential cyber hygiene practices to defend against evolving AI threats. Understand why strong digital habits are crucial in the GenAI era and get a 7-step checklist.,RSS: Blog (official)
blog-post:rss:the-imperative-for-australian-boards-and-senior-executives-to-champion-cyber-security-culture-key-updates-in-the-ism-framework,Key Updates in the ISM Framework,the-imperative-for-australian-boards-and-senior-executives-to-champion-cyber-security-culture-key-updates-in-the-ism-framework,blog-post,blog,https://www.immersivelabs.com/resources/blog/the-imperative-for-australian-boards-and-senior-executives-to-champion-cyber-security-culture-key-updates-in-the-ism-framework,2025-05-08T00:00:00.000Z,https://cdn.prod.website-files.com/678a13476d0a697e355dec29/681c7225b4a0bbe4f1eb5f0a_Header.png,"With recent March 2025 updates, the ISM has reinforced the need for a proactive and adaptive cybersecurity posture, emphasising the importance of integrating cybersecurity into every facet of business operations.",RSS: Blog (official)
blog-post:rss:immersive-launches-appsec-range-exercises-revolutionizing-developer-led-security-training,Immersive Launches AppSec Range Exercises,immersive-launches-appsec-range-exercises-revolutionizing-developer-led-security-training,blog-post,blog,https://www.immersivelabs.com/resources/blog/immersive-launches-appsec-range-exercises-revolutionizing-developer-led-security-training,2025-05-06T00:00:00.000Z,https://cdn.prod.website-files.com/678a13476d0a697e355dec29/6819dbd7cdce7943f565b146_LP.webp,"Immersive Launches AppSec Range Exercises, Revolutionizing Developer-Led Security Training",RSS: Blog (official)
blog-post:rss:embracing-curiosity-one-immersers-career-shift,Employee Experience: Tilly Kiora,embracing-curiosity-one-immersers-career-shift,blog-post,blog,https://www.immersivelabs.com/resources/blog/embracing-curiosity-one-immersers-career-shift,2025-04-30T00:00:00.000Z,https://cdn.prod.website-files.com/678a13476d0a697e355dec29/6811ec4c07299be73855e7cf_12_5%20-%20Header.png,"Embracing Curiosity: One Immerser's Career Shift - An Interview with Tilly Kiora, Compliance officer at Immersive",RSS: Blog (official)
blog-post:rss:5-things-developers-should-know-to-be-ready-for-genai,5 Things Developers Should Know to Be Ready for GenAI,5-things-developers-should-know-to-be-ready-for-genai,blog-post,blog,https://www.immersivelabs.com/resources/blog/5-things-developers-should-know-to-be-ready-for-genai,2025-04-22T00:00:00.000Z,https://cdn.prod.website-files.com/678a13476d0a697e355dec29/68123151067b5cf5615e5a86_5-things-Devs-Large.webp,"Learn the 5 essential things developers should know about combatting software vulnerabilities with GenAI, including balancing AI speed with comprehension, Shadow AI risks, GenAI code limitations, the need for human oversight, and proactive risk management.",RSS: Blog (official)
blog-post:rss:customer-experience-leader-takes-center-stage,Employee Experience: Chelsea Keefe,customer-experience-leader-takes-center-stage,blog-post,blog,https://www.immersivelabs.com/resources/blog/customer-experience-leader-takes-center-stage,2025-03-31T00:00:00.000Z,https://cdn.prod.website-files.com/678a13476d0a697e355dec29/67ea6f2e85be1a4e17cad1f1_16_9%20-%20Thumbnail.png,"Customer Experience Leader Takes Center Stage: An Interview with Chelsea Keefe, Senior Manager of Immersive’s Customer Experience Operations",RSS: Blog (official)
blog-post:rss:deepfake-defense-building-a-cyber-ready-workforce-in-the-age-of-genai,Deepfake Defense: Building a Cyber-Ready Workforce in the Age of GenAI,deepfake-defense-building-a-cyber-ready-workforce-in-the-age-of-genai,blog-post,blog,https://www.immersivelabs.com/resources/blog/deepfake-defense-building-a-cyber-ready-workforce-in-the-age-of-genai,2025-03-28T00:00:00.000Z,https://cdn.prod.website-files.com/678a13476d0a697e355dec29/67e67e9a9933f06fc9b63187_Landing-page.webp,Deepfakes and other AI-driven attacks are on the rise. Discover how they manipulate trust and how to build a cyber-ready workforce to defend against them.,RSS: Blog (official)
blog-post:rss:riding-the-quantum-wave,Riding the Quantum Wave,riding-the-quantum-wave,blog-post,blog,https://www.immersivelabs.com/resources/blog/riding-the-quantum-wave,2025-03-20T00:00:00.000Z,https://cdn.prod.website-files.com/678a13476d0a697e355dec29/67dc3c8bc5c78dc16a2e22c6_Quantum-Blog-cover.webp,"Celebrate NVIDIA’s Quantum Day with Immersive’s new hands-on quantum computing labs. Learn quantum gates, circuits, and algorithms with real-world quantum hardware. Start your quantum journey today!",RSS: Blog (official)
blog-post:rss:building-the-future-of-cyber-readiness-together,A New Chapter: Leading Immersive into the Future of Cyber Readiness,building-the-future-of-cyber-readiness-together,blog-post,blog,https://www.immersivelabs.com/resources/blog/building-the-future-of-cyber-readiness-together,2025-03-17T00:00:00.000Z,https://cdn.prod.website-files.com/678a13476d0a697e355dec29/67d7e08512ef38f1f62bc223_1920%20x%201080%20-%20Mark%20Schmitz%20CEO%20Blog%20Post.png,"Excited to join Immersive at a pivotal moment, our focus remains on proving and improving cyber resilience for the world’s top organizations. Read more about our vision for the future.",RSS: Blog (official)
blog-post:rss:big-news-here-at-immersive,Big News at Immersive: Mark Schmitz Joins as CEO to Drive Next Phase of Growth,big-news-here-at-immersive,blog-post,blog,https://www.immersivelabs.com/resources/blog/big-news-here-at-immersive,2025-03-11T00:00:00.000Z,https://cdn.prod.website-files.com/678a13476d0a697e355dec29/67d027cf6c677905b4e114f8_Frame%2011315.png,"Immersive appoints Mark Schmitz as CEO to scale its impact in people-centric cybersecurity. Founder James Hadley transitions to Chief Innovation Officer, focusing on vision and innovation.",RSS: Blog (official)
blog-post:rss:the-future-of-cyber-resilience-why-cyber-drills-are-more-essential-than-ever,The Future of Cyber Resilience,the-future-of-cyber-resilience-why-cyber-drills-are-more-essential-than-ever,blog-post,blog,https://www.immersivelabs.com/resources/blog/the-future-of-cyber-resilience-why-cyber-drills-are-more-essential-than-ever,2025-03-10T00:00:00.000Z,https://cdn.prod.website-files.com/678a13476d0a697e355dec29/68011135e92687379d869c08_LP%20Image.webp,"Hear from Forrester Research Principal Analyst Jess Burn, former Barclays CISO Oliver Newbury, and Immersive Labs CEO James Hadley, on how to use cyber drills to boost resilience in the face evolving cyber threats.",RSS: Blog (official)
blog-post:rss:cyber-training-essentials-for-supply-chain-resilience,Cyber Training Essentials for Supply Chain Resilience,cyber-training-essentials-for-supply-chain-resilience,blog-post,blog,https://www.immersivelabs.com/resources/blog/cyber-training-essentials-for-supply-chain-resilience,2025-03-05T00:00:00.000Z,https://cdn.prod.website-files.com/678a13476d0a697e355dec29/67c834f09d35e1684a601266_Frame%2011253.png,"Learn how to build supply chain resilience with hands-on cyber training to protect against costly attacks, address vulnerabilities, and ensure swift incident response.",RSS: Blog (official)
blog-post:rss:the-talent-behind-our-talent,The Talent Behind Our Talent,the-talent-behind-our-talent,blog-post,blog,https://www.immersivelabs.com/resources/blog/the-talent-behind-our-talent,2025-02-27T00:00:00.000Z,https://cdn.prod.website-files.com/678a13476d0a697e355dec29/67c1a09fcbedd63c6e4c5e80_Header.png,"An Interview with Our Talent Acquisition Team: James Riley, Helen Broomhead, and Tim Weis",RSS: Blog (official)
blog-post:rss:prove-and-improve-readiness-with-cyber-drills,Prove and Improve Readiness with Cyber Drills,prove-and-improve-readiness-with-cyber-drills,blog-post,blog,https://www.immersivelabs.com/resources/blog/prove-and-improve-readiness-with-cyber-drills,2025-02-24T00:00:00.000Z,https://cdn.prod.website-files.com/678a13476d0a697e355dec29/67bc81d00b547afda4f8533b_Frame%2015%20(1).webp,"Enhance your organization’s security with effective cyber drills, including hands-on exercises. Learn strategies, scenarios, and best practices to stay ahead of cyber threats.",RSS: Blog (official)
blog-post:rss:lessons-in-building-a-security-improvement-program,Build a Security Improvement Program,lessons-in-building-a-security-improvement-program,blog-post,blog,https://www.immersivelabs.com/resources/blog/lessons-in-building-a-security-improvement-program,2025-02-18T00:00:00.000Z,https://cdn.prod.website-files.com/678a13476d0a697e355dec29/67bc83f69a92e4935cacfd86_Frame%2015%20(2).png,"Learn how to build a security improvement program, establish best practices and enhance your organization's security posture.",RSS: Blog (official)
blog-post:rss:introducing-our-new-brand-and-immersive-one,Introducing our New Brand and Immersive One,introducing-our-new-brand-and-immersive-one,blog-post,blog,https://www.immersivelabs.com/resources/blog/introducing-our-new-brand-and-immersive-one,2025-02-12T00:00:00.000Z,https://cdn.prod.website-files.com/678a13476d0a697e355dec29/67ac7b8ce92594ebfb40d872_2790.webp,"This isn't just an upgrade; it's a fundamental shift in how we approach cybersecurity training and preparedness. Immersive One is a unified platform, designed to be relevant and impactful for every employee.",RSS: Blog (official)
blog-post:rss:the-evolution-of-immersive,The Evolution of Immersive,the-evolution-of-immersive,blog-post,blog,https://www.immersivelabs.com/resources/blog/the-evolution-of-immersive,2025-02-12T00:00:00.000Z,https://cdn.prod.website-files.com/678a13476d0a697e355dec29/67ac6fe868997bb91b3dffa5_R%206_9%20-%201920px%20_%201080px.webp,Why We Rebranded - Redefining Readiness and Elevating Cyber Resilience,RSS: Blog (official)
blog-post:rss:how-to-implement-a-cyber-resilience-strategy,Implement a Cyber Resilience Strategy,how-to-implement-a-cyber-resilience-strategy,blog-post,blog,https://www.immersivelabs.com/resources/blog/how-to-implement-a-cyber-resilience-strategy,2025-02-10T00:00:00.000Z,,"Learn how to build a cyber resilience strategy with frameworks, best practices, and steps to protect your business from evolving cyber threats",RSS: Blog (official)
blog-post:rss:secure-code-comments-empowering-developer-led-application-security-culture,Secure Code Comments,secure-code-comments-empowering-developer-led-application-security-culture,blog-post,blog,https://www.immersivelabs.com/resources/blog/secure-code-comments-empowering-developer-led-application-security-culture,2025-01-28T00:00:00.000Z,https://cdn.prod.website-files.com/678a13476d0a697e355dec29/679e355a439bdf902536174e_6798aec0415d7e03c96ad1c7_1920x1080%2520-%2520Option%25202.webp,"Secure code comments are an often overlooked aspect of application security (AppSec). While traditional code comments focus on explaining the code's functionality, security-focused comments are crucial to promoting secure coding practices throughout the development lifecycle (SDLC). Let's explore how integrating security comments into your organization’s code can benefit both developers and security professionals—enabling key company goals.",RSS: Blog (official)
blog-post:rss:immersive-employee-experience-anna-presho,Immersive Employee Experience: Anna Presho,immersive-employee-experience-anna-presho,blog-post,blog,https://www.immersivelabs.com/resources/blog/immersive-employee-experience-anna-presho,2024-12-18T00:00:00.000Z,https://cdn.prod.website-files.com/678a13476d0a697e355dec29/679e352881225233af1f2eaa_6762941bc818dae8d46f87c9_1920x1080%2520-%2520Web.webp,Anna Presho: Making a Frontline Impact Behind the Scenes,RSS: Blog (official)
blog-post:rss:immersive-employee-experience-alex-kliemt,Immersive Employee Experience: Alex Kliemt,immersive-employee-experience-alex-kliemt,blog-post,blog,https://www.immersivelabs.com/resources/blog/immersive-employee-experience-alex-kliemt,2024-11-27T00:00:00.000Z,https://cdn.prod.website-files.com/678a13476d0a697e355dec29/679e35295e4c36cf8594317e_6746e4199f13703937b98290_1920x1080%2520-%2520Web.webp,How Enterprise Account Manager Alex Kliemt Helps Organizations Build Cyber Resilience,RSS: Blog (official)
blog-post:rss:while-you-celebrate-theyre-scheming-how-bad-actors-exploit-seasonal-vulnerabilities,While You Celebrate,while-you-celebrate-theyre-scheming-how-bad-actors-exploit-seasonal-vulnerabilities,blog-post,blog,https://www.immersivelabs.com/resources/blog/while-you-celebrate-theyre-scheming-how-bad-actors-exploit-seasonal-vulnerabilities,2024-11-26T00:00:00.000Z,https://cdn.prod.website-files.com/678a13476d0a697e355dec29/679e35367fb65309f9c7674f_6745dc2768aa5f742744efcc_Frame%252024.png,While You Celebrate - Blog post,RSS: Blog (official)
blog-post:rss:immersive-labs-recognized-as-gartner-sample-vendor-to-help-organizations-improve-cyber-product-performance-with-virtual-cyber-ranges,Immersive Labs Recognized as Gartner Sample Vendor,immersive-labs-recognized-as-gartner-sample-vendor-to-help-organizations-improve-cyber-product-performance-with-virtual-cyber-ranges,blog-post,blog,https://www.immersivelabs.com/resources/blog/immersive-labs-recognized-as-gartner-sample-vendor-to-help-organizations-improve-cyber-product-performance-with-virtual-cyber-ranges,2024-11-22T00:00:00.000Z,https://cdn.prod.website-files.com/678a13476d0a697e355dec29/679e351d4b6c0221ba300750_67408afe7750eb1f4bd5e378_Frame%25204.webp,Immersive Labs Recognized as Gartner Sample Vendor to Help Organizations Improve Cyber Product Performance With Virtual Cyber Ranges,RSS: Blog (official)
blog-post:rss:immersive-employee-experience-laettie-ellison,Immersive Employee Experience: Laettie Ellison - Immersive Labs,immersive-employee-experience-laettie-ellison,blog-post,blog,https://www.immersivelabs.com/resources/blog/immersive-employee-experience-laettie-ellison,2024-10-31T00:00:00.000Z,https://cdn.prod.website-files.com/678a13476d0a697e355dec29/679e352b2e8b2b320f09a7e6_673f538c00f1e711363dfb87_672cc89f4e709fa827fa464c_1920x1080%252520-%252520Web.png,"Ever since starting her career as a tech writer within Engineering teams, Laettie Ellison’s goal had always been to work on the HR team of a...",RSS: Blog (official)
blog-post:rss:why-cyber-drills-are-your-key-defense-against-threats,Why Cyber Drills Are Your Key Defense Against Threats - Immersive Labs,why-cyber-drills-are-your-key-defense-against-threats,blog-post,blog,https://www.immersivelabs.com/resources/blog/why-cyber-drills-are-your-key-defense-against-threats,2024-10-30T00:00:00.000Z,https://cdn.prod.website-files.com/678a13476d0a697e355dec29/679e351cb7e944e034e1fd0a_672a38c70e30337c33c4be68_672a2f8208bb4ab8c4708419_1920x1080-Web-1.webp,Cyber drills are key to cyber resilience. Read our blog to learn why these real-world simulations are a must.,RSS: Blog (official)
blog-post:rss:cyber-drill-led-by-immersive-labs-and-the-cyber-security-council-strengthens-national-defense,Cyber Drill Led by Immersive Labs and the Cyber Security Council Strengthens National Defense,cyber-drill-led-by-immersive-labs-and-the-cyber-security-council-strengthens-national-defense,blog-post,blog,https://www.immersivelabs.com/resources/blog/cyber-drill-led-by-immersive-labs-and-the-cyber-security-council-strengthens-national-defense,2024-10-24T00:00:00.000Z,https://cdn.prod.website-files.com/678a13476d0a697e355dec29/679e3540826f08a4244e6465_672a38c9c4841e70eb158c1c_6720d174edbcc37e0c8d7ed8_AWARDS-04-1.webp,Bolster the UAE’s cyber capabilities and keep the region one step ahead of ever-evolving threats.,RSS: Blog (official)
blog-post:rss:celebrating-3-years-of-growth-and-resilience-at-immersive-labs,Celebrating 3 Years of Growth and Resilience at Immersive Labs,celebrating-3-years-of-growth-and-resilience-at-immersive-labs,blog-post,blog,https://www.immersivelabs.com/resources/blog/celebrating-3-years-of-growth-and-resilience-at-immersive-labs,2024-10-23T00:00:00.000Z,https://cdn.prod.website-files.com/678a13476d0a697e355dec29/679e3512c37f927948e7fcf0_672a38ca47dcc2f23b62f09c_6720c71ede303ac190344d9b_1920x1080-Web.png,Curious what we've achieved over the past three years at Immersive Labs? Check out our latest blog.,RSS: Blog (official)
blog-post:rss:embracing-cyber-resilience-the-role-of-red-blue-and-purple-teams-in-modern-security-strategies,"Embracing Cyber Resilience: The Role of Red, Blue, and Purple Teams in Modern Security Strategies",embracing-cyber-resilience-the-role-of-red-blue-and-purple-teams-in-modern-security-strategies,blog-post,blog,https://www.immersivelabs.com/resources/blog/embracing-cyber-resilience-the-role-of-red-blue-and-purple-teams-in-modern-security-strategies,2024-10-16T00:00:00.000Z,https://cdn.prod.website-files.com/678a13476d0a697e355dec29/679e3543ea3320bf53799970_67239843907634d5f384f65e_1920x1080.webp,The evolution of today’s cyber attacks demands a proactive and multifaceted approach to cybersecurity. As malicious actors continuously refin...,RSS: Blog (official)
blog-post:rss:7-reasons-cyber-drills-arent-optional,7 Reasons Cyber Drills Aren’t Optional,7-reasons-cyber-drills-arent-optional,blog-post,blog,https://www.immersivelabs.com/resources/blog/7-reasons-cyber-drills-arent-optional,2024-10-09T00:00:00.000Z,https://cdn.prod.website-files.com/678a13476d0a697e355dec29/679e351cef91d7de0c8e566e_672a38cbd9f5d57aa6984895_6720bc32958b929b1fbfccae_1920x1080-Blog-Post.webp,Cyber drills are essential for enhancing your organization's cybersecurity. Discover how hands-on exercises prepare teams for simulated attacks and boost readiness.,RSS: Blog (official)
blog-post:rss:from-awareness-to-action-cybersecurity-results-month-is-here,From Awareness to Action: Cybersecurity Results Month is Here,from-awareness-to-action-cybersecurity-results-month-is-here,blog-post,blog,https://www.immersivelabs.com/resources/blog/from-awareness-to-action-cybersecurity-results-month-is-here,2024-10-01T00:00:00.000Z,https://cdn.prod.website-files.com/678a13476d0a697e355dec29/679e354436902c8db9533fb2_67239843db505eb438fe7e89_Cybersecurity-Results-Month-1920x1080-1.png,"Here’s the cold, hard truth: Cybersecurity Awareness Month is a joke. Since 2004, October has been a parade of empty platitudes about ""being...",RSS: Blog (official)
blog-post:rss:immersive-employee-experience-bernardo-rodrigues,Immersive Employee Experience: Bernardo Rodrigues,immersive-employee-experience-bernardo-rodrigues,blog-post,blog,https://www.immersivelabs.com/resources/blog/immersive-employee-experience-bernardo-rodrigues,2024-09-30T00:00:00.000Z,https://cdn.prod.website-files.com/678a13476d0a697e355dec29/679e352a36902c8db9531be7_6723984252d3895c6fe3e1d6_Immersive-Employee-Experience-1920x1080-1.jpeg,Bernardo de Simas Gaspar Rodrigues is a lead solutions consultant at Immersive Labs based in the United Arab Emirates. Prior to joining the c...,RSS: Blog (official)
blog-post:rss:immersive-labs-human-connection-elevate-cyber-resilience-through-community,Immersive Labs Human Connection: Elevate Cyber Resilience Through Community,immersive-labs-human-connection-elevate-cyber-resilience-through-community,blog-post,blog,https://www.immersivelabs.com/resources/blog/immersive-labs-human-connection-elevate-cyber-resilience-through-community,2024-09-25T00:00:00.000Z,https://cdn.prod.website-files.com/678a13476d0a697e355dec29/679e355900ee5a37a82c6d62_67239842339684b14874b3c5_Immersive-Labs-Julie-Chapman-CCO-Blog-Post.png,"At Immersive Labs, we’re passionate about more than just providing enterprise-class cybersecurity solutions; we’re committed to empowering ou...",RSS: Blog (official)
blog-post:rss:cyber-resilience-reimagined-the-intersection-of-behavioral-science-and-cybersecurity,Cyber Resilience Reimagined,cyber-resilience-reimagined-the-intersection-of-behavioral-science-and-cybersecurity,blog-post,blog,https://www.immersivelabs.com/resources/blog/cyber-resilience-reimagined-the-intersection-of-behavioral-science-and-cybersecurity,2024-09-16T00:00:00.000Z,https://cdn.prod.website-files.com/678a13476d0a697e355dec29/679e3540503a9f4018473f78_677f91915abc6e1d88fe2010_1920x1080.webp,"Explore how behavioral science enhances cybersecurity training and awareness, fostering a proactive culture of security for stronger cyber resilience.",RSS: Blog (official)
blog-post:rss:address-employee-behavior-in-supply-chain-security-with-these-6-strategies,Address Employee Behavior in Supply Chain Security with these 6 Strategies,address-employee-behavior-in-supply-chain-security-with-these-6-strategies,blog-post,blog,https://www.immersivelabs.com/resources/blog/address-employee-behavior-in-supply-chain-security-with-these-6-strategies,2024-09-10T00:00:00.000Z,https://cdn.prod.website-files.com/678a13476d0a697e355dec29/679e352ffcbc88431c0379e5_672a38cb5d8e0eea48d99918_6720be68feb2cbffd63d62c1_Full-scale.webp,Address Employee Behavior in Supply Chain Security with these 6 Strategies - Immersive Labs Blog,RSS: Blog (official)
blog-post:rss:comprehensive-guide-to-key-cybersecurity-regulations-with-a-regional-focus,Comprehensive Guide to Key Cybersecurity Regulations with a Regional Focus,comprehensive-guide-to-key-cybersecurity-regulations-with-a-regional-focus,blog-post,blog,https://www.immersivelabs.com/resources/blog/comprehensive-guide-to-key-cybersecurity-regulations-with-a-regional-focus,2024-09-04T00:00:00.000Z,https://cdn.prod.website-files.com/678a13476d0a697e355dec29/679e3542d9017291e45c1465_672a38c9df6535ddabf8ef8b_6720cc19164502688794ae79_1920x1080%252520(1).jpeg,Explore key cybersecurity regulations in Saudi Arabia and discover how Immersive Labs can help organizations achieve compliance.,RSS: Blog (official)
blog-post:rss:immersive-employee-experience-zack-abrams,Immersive Employee Experience: Zack Abrams,immersive-employee-experience-zack-abrams,blog-post,blog,https://www.immersivelabs.com/resources/blog/immersive-employee-experience-zack-abrams,2024-08-28T00:00:00.000Z,https://cdn.prod.website-files.com/678a13476d0a697e355dec29/679e352a0421bb7c8a02c236_67239842d0a11d7b885961dd_IL-Employee-Experience-Blog-Zack-Abrams-scaled.jpeg,Zachary – Zack – Abrams’ experience working on the defensive and operational side of cyber began long before joining Immersive Labs. Zack’s p...,RSS: Blog (official)
blog-post:rss:securing-data-in-the-quantum-age-nists-new-encryption-standards-explained,Securing Data in the Quantum Age: NIST’s New Encryption Standards Explained,securing-data-in-the-quantum-age-nists-new-encryption-standards-explained,blog-post,blog,https://www.immersivelabs.com/resources/blog/securing-data-in-the-quantum-age-nists-new-encryption-standards-explained,2024-08-20T00:00:00.000Z,https://cdn.prod.website-files.com/678a13476d0a697e355dec29/679e35407fb65309f9c773c8_6723984218d6c3296c5b2cb9_Hands-on-active-learning-600x400-1.jpeg,"The National Institute of Standards and Technology (NIST) has recently finalized its <a href=""https://www.nist.gov/news-events/news/2024/08/n...",RSS: Blog (official)
blog-post:rss:enhanced-application-security-4-practical-solutions-for-organizations,Enhanced Application Security: 4 Practical Solutions for Organizations,enhanced-application-security-4-practical-solutions-for-organizations,blog-post,blog,https://www.immersivelabs.com/resources/blog/enhanced-application-security-4-practical-solutions-for-organizations,2024-08-15T00:00:00.000Z,https://cdn.prod.website-files.com/678a13476d0a697e355dec29/679e3556170b6a90046e4fa9_67239842ea9b33fde5594c50_1920x1080-1-scaled.jpeg,"The pressure for businesses to deliver software and services quickly and efficiently has never been greater. This rapid pace of development,...",RSS: Blog (official)
blog-post:rss:gen-ai-chatbors-are-exposing-your-business-to-devastating-attacks-deploy-these-4-risk-mitigation-strategies,GenAI Chatbots Are Exposing Your Business to Devastating Attacks. Deploy These 4 Risk Mitigation Strategies,gen-ai-chatbors-are-exposing-your-business-to-devastating-attacks-deploy-these-4-risk-mitigation-strategies,blog-post,blog,https://www.immersivelabs.com/resources/blog/gen-ai-chatbors-are-exposing-your-business-to-devastating-attacks-deploy-these-4-risk-mitigation-strategies,2024-08-07T00:00:00.000Z,https://cdn.prod.website-files.com/678a13476d0a697e355dec29/679e3525dda70bf25db39a6f_66fd193d7a3565f022083d55_66be1e5540863a75ce8e9e63_Customise-1-600x400-1.jpeg,The IBM Cost of a Data Breach Report 2024 is a wakeup call and opportunity. Learn why human element focus matters in light of the findings.,RSS: Blog (official)
blog-post:rss:ibm-cost-of-a-data-breach-report-2024-why-people-are-the-key-to-mitigating-rising-costs,IBM Cost of a Data Breach Report 2024: Why People Are the Key to Mitigating Rising Costs,ibm-cost-of-a-data-breach-report-2024-why-people-are-the-key-to-mitigating-rising-costs,blog-post,blog,https://www.immersivelabs.com/resources/blog/ibm-cost-of-a-data-breach-report-2024-why-people-are-the-key-to-mitigating-rising-costs,2024-07-31T00:00:00.000Z,https://cdn.prod.website-files.com/678a13476d0a697e355dec29/679e352b85119686afabe048_66fd193d42704bec9072791e_66be1e4920a771bf36c3b8fe_AppSec6-600x400-1.jpeg,The IBM Cost of a Data Breach Report 2024 is a wakeup call and opportunity. Learn why human element focus matters in light of the findings.,RSS: Blog (official)
blog-post:rss:drive-resilience-in-the-cloud-with-microsoft-sentinel-and-azure-labs,Drive Resilience in the Cloud With Microsoft Sentinel & Azure Labs,drive-resilience-in-the-cloud-with-microsoft-sentinel-and-azure-labs,blog-post,blog,https://www.immersivelabs.com/resources/blog/drive-resilience-in-the-cloud-with-microsoft-sentinel-and-azure-labs,2024-07-26T00:00:00.000Z,https://cdn.prod.website-files.com/678a13476d0a697e355dec29/679e354a0421bb7c8a02d52f_66fd193f785edaeda405d4b1_66be1e54499d3d8f7e53a648_1080x1080-2-scaled.webp,Practical training for Microsoft Sentinel is lacking. Learn the skills you need to be effective at Microsoft Sentinel with Immersive Labs.,RSS: Blog (official)
blog-post:rss:immersive-employee-experience-ella-bendrick-chartier,Immersive Employee Experience: Ella Bendrick-Chartier,immersive-employee-experience-ella-bendrick-chartier,blog-post,blog,https://www.immersivelabs.com/resources/blog/immersive-employee-experience-ella-bendrick-chartier,2024-07-24T00:00:00.000Z,https://cdn.prod.website-files.com/678a13476d0a697e355dec29/679e352a81225233af1f2f91_66fd193d18c4db12f41118b6_66be1e54adc5320a0b86e6f8_IL-Employee-Expereince-Blog-Ella-BC-scaled.jpeg,"Considering careers at Immersive Labs? Read our latest blog to learn firsthand about the company's values, culture, and mission.",RSS: Blog (official)
blog-post:rss:crowdstrike-a-stark-reminder-of-our-digital-fragility,CrowdStrike: A Stark Reminder of Our Digital Fragility,crowdstrike-a-stark-reminder-of-our-digital-fragility,blog-post,blog,https://www.immersivelabs.com/resources/blog/crowdstrike-a-stark-reminder-of-our-digital-fragility,2024-07-19T00:00:00.000Z,https://cdn.prod.website-files.com/678a13476d0a697e355dec29/679e3548c411fb8715cd09a8_66fd193ee900b64091e4cef7_66be1e54069e4aae37912d2d_Hands-on-active-learning.jpeg,The CrowdStrike issue cannot be seen as a one-off incident. This blog explores strategies for protecting against similar future issues.,RSS: Blog (official)
blog-post:rss:unforseen-consequences-the-impact-of-faulty-edr-and-elam-drivers,CrowdStrike: The Impact of Faulty EDR and ELAM Drivers,unforseen-consequences-the-impact-of-faulty-edr-and-elam-drivers,blog-post,blog,https://www.immersivelabs.com/resources/blog/unforseen-consequences-the-impact-of-faulty-edr-and-elam-drivers,2024-07-19T00:00:00.000Z,https://cdn.prod.website-files.com/678a13476d0a697e355dec29/679e351e2e8b2b320f09a091_66fd193dcf2ea23dcba8c91f_66be1e4cc8ad2e9890f1b828_Latest-cyber-threats-1.jpeg,In the wake of the recent Crowdstrike outage,RSS: Blog (official)
blog-post:rss:navigate-localized-cyber-threats-in-saudi-arabia,Navigate Localized Cyber Threats in Saudi Arabia,navigate-localized-cyber-threats-in-saudi-arabia,blog-post,blog,https://www.immersivelabs.com/resources/blog/navigate-localized-cyber-threats-in-saudi-arabia,2024-07-18T00:00:00.000Z,https://cdn.prod.website-files.com/678a13476d0a697e355dec29/679e3545ab66d7db8f2b6372_66fd193fb195f885288c2bb4_66be1e5309a7daad94b7e1e7_MENA-Blog-Image-scaled.jpeg,Cyber threats in Saudi Arabia are unique to the region. Read this blog to learn strategies for navigating localized cyber threats.,RSS: Blog (official)
blog-post:rss:worried-about-supply-chain-security-three-strategies-for-increased-protection,Worried About Supply Chain Security? 3 Strategies for Increased Protection,worried-about-supply-chain-security-three-strategies-for-increased-protection,blog-post,blog,https://www.immersivelabs.com/resources/blog/worried-about-supply-chain-security-three-strategies-for-increased-protection,2024-07-11T00:00:00.000Z,https://cdn.prod.website-files.com/678a13476d0a697e355dec29/679e3547dd5554e22c047555_677f9790f5aa926e56064d52_1920x1080.jpeg,"Learn to navigate the terrain of supply chain cybersecurity in our latest blog, with preparation, response, and resilience is imperative.",RSS: Blog (official)
blog-post:rss:understanding-and-mitigating-genai-prompt-injection-attacks-a-call-to-action-for-cisos,Understanding and Mitigating GenAI Prompt Injection Attacks: A Call to Action for CISOs,understanding-and-mitigating-genai-prompt-injection-attacks-a-call-to-action-for-cisos,blog-post,blog,https://www.immersivelabs.com/resources/blog/understanding-and-mitigating-genai-prompt-injection-attacks-a-call-to-action-for-cisos,2024-07-02T00:00:00.000Z,https://cdn.prod.website-files.com/678a13476d0a697e355dec29/679e351f027134b18f6463aa_66fd193f79be90cb7fc98f80_66be1e53fc4e5b09952cb97c_1080x1080-scaled.jpeg,"GenAI prompt injection risks are rising, as detailed in a study by Immersive Labs. Learn steps CISOs must take to protect from GenAI threats.",RSS: Blog (official)
blog-post:rss:leading-through-crisis-a-framework-for-decision-making-in-extreme-circumstances,Leading Through Crisis: A Framework for Decision-Making in Extreme Circumstances,leading-through-crisis-a-framework-for-decision-making-in-extreme-circumstances,blog-post,blog,https://www.immersivelabs.com/resources/blog/leading-through-crisis-a-framework-for-decision-making-in-extreme-circumstances,2024-06-27T00:00:00.000Z,https://cdn.prod.website-files.com/678a13476d0a697e355dec29/679e353677ed62684e93d7cc_66fd193f3c08712257ad9a28_66be1e40adc5320a0b86cc12_adi-goldstein-EUsVwEOsblE-unsplash-scaled.webp,"Read our most recent blot to learn how leaders can navigate turbulent times, managing crisis and leading through adversity",RSS: Blog (official)
blog-post:rss:immersive-employee-experience-andy-medlyn,Immersive Employee Experience: Andy Medlyn,immersive-employee-experience-andy-medlyn,blog-post,blog,https://www.immersivelabs.com/resources/blog/immersive-employee-experience-andy-medlyn,2024-06-21T00:00:00.000Z,https://cdn.prod.website-files.com/678a13476d0a697e355dec29/679e3529169b26a93fff22db_6777b4e65201c2594565439c_1920x1080.jpeg,"Considering careers at Immersive Labs? Read our latest blog to learn firsthand about the company's values, culture, and mission.",RSS: Blog (official)
blog-post:rss:5-things-to-do-now-to-secure-your-software-supply-chain,5 Things to do Now to Secure Your Software Supply Chain,5-things-to-do-now-to-secure-your-software-supply-chain,blog-post,blog,https://www.immersivelabs.com/resources/blog/5-things-to-do-now-to-secure-your-software-supply-chain,2024-06-20T00:00:00.000Z,https://cdn.prod.website-files.com/678a13476d0a697e355dec29/679e352f699ef97336c0b18b_66fd193f1b86b37a7623a6e5_66be1e530a0f14f762f126d5_1920x1080-1-scaled.jpeg,Securing your software supply chain is critical to protecting your organization from new threats. Learn how in our latest blog.,RSS: Blog (official)
blog-post:rss:the-return-of-unattend-xml-revenge-of-the-cleartext-credentials,The Return of unattend.xml…Revenge of the Cleartext Credentials,the-return-of-unattend-xml-revenge-of-the-cleartext-credentials,blog-post,blog,https://www.immersivelabs.com/resources/blog/the-return-of-unattend-xml-revenge-of-the-cleartext-credentials,2024-06-11T00:00:00.000Z,https://cdn.prod.website-files.com/678a13476d0a697e355dec29/679e3548fcbc88431c038fc9_66fd193f5c1e65bb52e7cc26_66be1e52413b5febdc7e272d_1080x1080-1-scaled.webp,Our latest blog teaches you how to remove cleartext credentials once and for all with the help of an expert pentester.,RSS: Blog (official)
blog-post:rss:shifting-left-overcome-these-5-common-challenges,Shifting Left? Overcome These 5 Common Challenges,shifting-left-overcome-these-5-common-challenges,blog-post,blog,https://www.immersivelabs.com/resources/blog/shifting-left-overcome-these-5-common-challenges,2024-06-04T00:00:00.000Z,https://cdn.prod.website-files.com/678a13476d0a697e355dec29/679e3520c411fb8715cced80_66fd19406af3f9e6e50e6245_66be1e529868b69761008349_1080x1080-scaled.jpeg,"While a shift left approach can go a long way in improving your overall cyber posture, going beyond basics is key for sustainable security.",RSS: Blog (official)
blog-post:rss:immersive-employee-experience-amy-kwong-junior-cybersecurity-engineer,"Immersive Employee Experience: Amy Kwong, Junior Cybersecurity Engineer",immersive-employee-experience-amy-kwong-junior-cybersecurity-engineer,blog-post,blog,https://www.immersivelabs.com/resources/blog/immersive-employee-experience-amy-kwong-junior-cybersecurity-engineer,2024-05-30T00:00:00.000Z,https://cdn.prod.website-files.com/678a13476d0a697e355dec29/679e3529084498f1a4698ab4_6777b63b764b43566dd970b2_1920x1080%2520(1).jpeg,"Learn how Amy Kwong followed her passion for cyber, ultimately landing the role of junior cybersecurity engineer at Immersive Labs.",RSS: Blog (official)
blog-post:rss:your-4-step-blueprint-for-a-world-class-security-champion-program,Your 4-Step Blueprint for a World-Class Security Champion Program,your-4-step-blueprint-for-a-world-class-security-champion-program,blog-post,blog,https://www.immersivelabs.com/resources/blog/your-4-step-blueprint-for-a-world-class-security-champion-program,2024-05-21T00:00:00.000Z,https://cdn.prod.website-files.com/678a13476d0a697e355dec29/679e3547169b26a93fff367a_66fd1940974cb60df947b926_66be1e52b20860c568337588_1080x1080-scaled.jpeg,Building a security champion program can help you shift beyond left. Learn four steps to success in our latest blog.,RSS: Blog (official)
blog-post:rss:ingredients-for-a-cyber-resilient-supply-chain,"Ingredients for a Cyber Resilient Supply Chain: Technology, Human Expertise, and Collaboration",ingredients-for-a-cyber-resilient-supply-chain,blog-post,blog,https://www.immersivelabs.com/resources/blog/ingredients-for-a-cyber-resilient-supply-chain,2024-05-14T00:00:00.000Z,https://cdn.prod.website-files.com/678a13476d0a697e355dec29/679e3530027134b18f647593_66fd1943f64c03a80aa3b054_66c5e64b5fc5d96ca6c715db_Full-scale-image-scaled.jpeg,Achieving supply chain security can be feel overwhelming. Read our blog to learn how to secure every line of your supply chain.,RSS: Blog (official)
blog-post:rss:ready-set-respons-a-cisos-worst-day,"Ready, Set, Respond: A CISO’s Worst Day",ready-set-respons-a-cisos-worst-day,blog-post,blog,https://www.immersivelabs.com/resources/blog/ready-set-respons-a-cisos-worst-day,2024-05-09T00:00:00.000Z,https://cdn.prod.website-files.com/678a13476d0a697e355dec29/679e3545027134b18f648d91_66fd19406c423ee2142fc221_66be1e51ad98478ccd72e165_1080x1080-1-scaled.jpeg,How do your cyber skills show up in a real-time crisis? Join us for a Cyber Drill in a city near you to find out.,RSS: Blog (official)
blog-post:rss:3-steps-for-building-a-culture-of-cooperation-across-development-teams,3 Steps for Building a Culture of Cooperation across Development Teams,3-steps-for-building-a-culture-of-cooperation-across-development-teams,blog-post,blog,https://www.immersivelabs.com/resources/blog/3-steps-for-building-a-culture-of-cooperation-across-development-teams,2024-04-29T00:00:00.000Z,https://cdn.prod.website-files.com/678a13476d0a697e355dec29/679e351f0421bb7c8a02bc78_66fd194018c4db12f4111b02_66be1e5109a7daad94b7e06a_1920x1080-3.jpeg,Shifting left isn't enough to guarantee a culture of security. Read our latest blog to learn 3 steps for building a security cultutre.,RSS: Blog (official)
blog-post:rss:immersive-labs-and-virtually-testing-foundation-team-up-to-empower-cybersecurity-job-seekers-and-professionals,Immersive Labs and Virtually Testing Foundation Team Up to Empower Cybersecurity Job Seekers and Professionals,immersive-labs-and-virtually-testing-foundation-team-up-to-empower-cybersecurity-job-seekers-and-professionals,blog-post,blog,https://www.immersivelabs.com/resources/blog/immersive-labs-and-virtually-testing-foundation-team-up-to-empower-cybersecurity-job-seekers-and-professionals,2024-04-24T00:00:00.000Z,https://cdn.prod.website-files.com/678a13476d0a697e355dec29/679e35301b8a79e83942e2cf_66fd19415c1e65bb52e7cd66_66be1e5136070a8ed4e6fde7_1920x1080-1-scaled.jpeg,Immersive Labs and Virtually Testing Foundation team up to empower cybersecurity job seekers and professionals. Learn how in our latest post.,RSS: Blog (official)
blog-post:rss:navigate-the-cyber-skills-revolution-with-these-six-strategies,Navigate the Cyber Skills Revolution with these 6 Strategies,navigate-the-cyber-skills-revolution-with-these-six-strategies,blog-post,blog,https://www.immersivelabs.com/resources/blog/navigate-the-cyber-skills-revolution-with-these-six-strategies,2024-04-16T00:00:00.000Z,https://cdn.prod.website-files.com/678a13476d0a697e355dec29/679e35301b8a79e83942e315_66fd1941289e6f14c3573c01_66be1e51e0f0b6c3458d6e84_1920x1080-scaled.webp,The way we view cyber skills is changing. Read our latest blog to learn how a new perspective can uncover hidden talent.,RSS: Blog (official)
blog-post:rss:empowering-female-leadership-insights-and-advice-for-aspiring-leaders,Empowering Female Leadership: Insights and Advice for Aspiring Leaders,empowering-female-leadership-insights-and-advice-for-aspiring-leaders,blog-post,blog,https://www.immersivelabs.com/resources/blog/empowering-female-leadership-insights-and-advice-for-aspiring-leaders,2024-04-10T00:00:00.000Z,https://cdn.prod.website-files.com/678a13476d0a697e355dec29/679e3543170b6a90046e4009_66fd1941806784a9031415ed_66be1e51d02c8fa0c85b9586_1920x1080-Option1.jpeg,We sat down with two female Immersive Labs executives to get their perspectives on successful leadership. Read the blog for can't miss tips.,RSS: Blog (official)
blog-post:rss:empower-cybersecurity-compliance-a-comprehensive-look-at-pci-dora-nis2-and-immersive-labs,"Empower Cybersecurity Compliance: A Comprehensive Look at PCI, DORA, NIS2, and Immersive Labs",empower-cybersecurity-compliance-a-comprehensive-look-at-pci-dora-nis2-and-immersive-labs,blog-post,blog,https://www.immersivelabs.com/resources/blog/empower-cybersecurity-compliance-a-comprehensive-look-at-pci-dora-nis2-and-immersive-labs,2024-03-27T00:00:00.000Z,https://cdn.prod.website-files.com/678a13476d0a697e355dec29/679e35350421bb7c8a02c6db_66fd194212d6972b39f10840_66be1e508d2d8d9d7a9a2004_Social-1080x1080-2.jpeg,Achieving cybersecurity compliance doesn't have to be impossible. Learn more about the latest regulations and how Immersive Labs can help.,RSS: Blog (official)
